{
  "hash": "2da1a61a",
  "configHash": "9f8cf466",
  "lockfileHash": "b3e28c59",
  "browserHash": "2f316883",
  "optimized": {
    "@angular/common": {
      "src": "../../../../../node_modules/@angular/common/fesm2022/common.mjs",
      "file": "@angular_common.js",
      "fileHash": "c84b89e4",
      "needsInterop": false
    },
    "@angular/common/http": {
      "src": "../../../../../node_modules/@angular/common/fesm2022/http.mjs",
      "file": "@angular_common_http.js",
      "fileHash": "a8de817c",
      "needsInterop": false
    },
    "@angular/core": {
      "src": "../../../../../node_modules/@angular/core/fesm2022/core.mjs",
      "file": "@angular_core.js",
      "fileHash": "1d7d8ec8",
      "needsInterop": false
    },
    "@angular/forms": {
      "src": "../../../../../node_modules/@angular/forms/fesm2022/forms.mjs",
      "file": "@angular_forms.js",
      "fileHash": "8aa43182",
      "needsInterop": false
    },
    "@angular/platform-browser": {
      "src": "../../../../../node_modules/@angular/platform-browser/fesm2022/platform-browser.mjs",
      "file": "@angular_platform-browser.js",
      "fileHash": "1a2bfe0b",
      "needsInterop": false
    },
    "@angular/router": {
      "src": "../../../../../node_modules/@angular/router/fesm2022/router.mjs",
      "file": "@angular_router.js",
      "fileHash": "599ab110",
      "needsInterop": false
    }
  },
  "chunks": {
    "chunk-Q2PSB2XR": {
      "file": "chunk-Q2PSB2XR.js"
    },
    "chunk-UNJG6RN5": {
      "file": "chunk-UNJG6RN5.js"
    },
    "chunk-DSZBQ5MP": {
      "file": "chunk-DSZBQ5MP.js"
    },
    "chunk-UVCH77TY": {
      "file": "chunk-UVCH77TY.js"
    }
  }
}