{
  "hash": "dedf69e9",
  "configHash": "79419b19",
  "lockfileHash": "b3e28c59",
  "browserHash": "155c8a40",
  "optimized": {
    "@angular/common": {
      "src": "../../../../../node_modules/@angular/common/fesm2022/common.mjs",
      "file": "@angular_common.js",
      "fileHash": "b2a36b29",
      "needsInterop": false
    },
    "@angular/common/http": {
      "src": "../../../../../node_modules/@angular/common/fesm2022/http.mjs",
      "file": "@angular_common_http.js",
      "fileHash": "830ed5d0",
      "needsInterop": false
    },
    "@angular/core": {
      "src": "../../../../../node_modules/@angular/core/fesm2022/core.mjs",
      "file": "@angular_core.js",
      "fileHash": "c4c1dbfc",
      "needsInterop": false
    },
    "@angular/forms": {
      "src": "../../../../../node_modules/@angular/forms/fesm2022/forms.mjs",
      "file": "@angular_forms.js",
      "fileHash": "e0366a61",
      "needsInterop": false
    },
    "@angular/platform-browser": {
      "src": "../../../../../node_modules/@angular/platform-browser/fesm2022/platform-browser.mjs",
      "file": "@angular_platform-browser.js",
      "fileHash": "08b5aa37",
      "needsInterop": false
    },
    "@angular/router": {
      "src": "../../../../../node_modules/@angular/router/fesm2022/router.mjs",
      "file": "@angular_router.js",
      "fileHash": "ebb290e0",
      "needsInterop": false
    }
  },
  "chunks": {
    "chunk-G55FVHUF": {
      "file": "chunk-G55FVHUF.js"
    },
    "chunk-MNTJZPJI": {
      "file": "chunk-MNTJZPJI.js"
    },
    "chunk-NP3EKZ2C": {
      "file": "chunk-NP3EKZ2C.js"
    },
    "chunk-3JF4NTC2": {
      "file": "chunk-3JF4NTC2.js"
    }
  }
}